"TargetModule","Coverage"
"algorithms.arrays.limit","1.0"
"algorithms.arrays.longest_non_repeat","1.0"
"algorithms.arrays.limit","1.0"
"algorithms.arrays.longest_non_repeat","1.0"
"algorithms.arrays.merge_intervals","0.9696969696969697"
"algorithms.arrays.rotate","1.0"
"algorithms.arrays.summarize_ranges","1.0"
"algorithms.arrays.three_sum","0.6451612903225806"
"algorithms.automata.dfa","0.8888888888888888"
"algorithms.backtrack.add_operators","1.0"
"algorithms.backtrack.letter_combination","1.0"
"algorithms.backtrack.palindrome_partitioning","1.0"
"algorithms.backtrack.pattern_match","1.0"
"algorithms.bfs.maze_search","0.9655172413793104"
"algorithms.bfs.shortest_distance_from_all_buildings","0.7804878048780488"
"algorithms.bfs.word_ladder","0.7714285714285715"
"algorithms.bit.has_alternative_bit","0.9090909090909091"
"algorithms.compression.huffman_coding","0.38317757009345793"
"algorithms.dfs.maze_search","1.0"
"algorithms.dfs.sudoku_solver","0.5"
"algorithms.dp.fib","1.0"
"algorithms.dp.hosoya_triangle","1.0"
"algorithms.dp.job_scheduling","0.9444444444444444"
"algorithms.arrays.limit","1.0"
"algorithms.arrays.longest_non_repeat","1.0"
